{
  "isic2019": {
    "mean": [
      0.6796547,
      0.5259538,
      0.51874095
    ],
    "std": [
      0.18123391,
      0.18504128,
      0.19822954
    ]
  },
  "cifar10": {
    "mean": [
      0.49035737,
      0.47322452,
      0.43727952
    ],
    "std": [
      0.23494802,
      0.23111437,
      0.2474359
    ]
  },
  "cifar100": {
    "mean": [
      0.5047976,
      0.4730031,
      0.4235263
    ],
    "std": [
      0.25229713,
      0.23964523,
      0.2579099
    ]
  },
  "imagenet": {
    "mean": [
      0.485,
      0.456,
      0.406
    ],
    "std": [
      0.229,
      0.224,
      0.225
    ]
  }
}