{
  "isic2019_skin": {
    "mean": [
      0.6796547,
      0.5259538,
      0.51874095
    ],
    "std": [
      0.18123391,
      0.18504128,
      0.19822954
    ]
  },
  "isic2019_skin_5": {
    "mean": [
      0.6796547,
      0.5259538,
      0.51874095
    ],
    "std": [
      0.18123391,
      0.18504128,
      0.19822954
    ]
  },
  "isic2017_skin": {
    "mean": [
      0.70790505,
      0.5915558,
      0.5468642
    ],
    "std": [
      0.1530945,
      0.16161674,
      0.17663267
    ]
  },
  "cifar10": {
    "mean": [
      0.49035737,
      0.47322452,
      0.43727952
    ],
    "std": [
      0.23494802,
      0.23111437,
      0.2474359
    ]
  },
  "cifar100": {
    "mean": [
      0.5047976,
      0.4730031,
      0.4235263
    ],
    "std": [
      0.25229713,
      0.23964523,
      0.2579099
    ]
  },
  "imagenet": {
    "mean": [
      0.485,
      0.456,
      0.406
    ],
    "std": [
      0.229,
      0.224,
      0.225
    ]
  },
  "mrnet": {
    "mean": [
      58.09
    ],
    "std": [
      49.73
    ]
  },
  "chexpert_small_cardiomegaly": {
    "mean": [
      0.4938769,
      0.4938769,
      0.4938769
    ],
    "std": [
      0.29695103,
      0.29695103,
      0.29695103
    ]
  },
  "chexpert_enlarged_cardiomediastinum": {
    "mean": [
      0.50166714,
      0.50166714,
      0.50166714
    ],
    "std": [
      0.2907931,
      0.2907931,
      0.2907931
    ]
  },
  "chexpert_cardiomegaly": {
    "mean": [
      0.49397695,
      0.49397695,
      0.49397695
    ],
    "std": [
      0.29682183,
      0.29682183,
      0.29682183
    ]
  },
  "chexpert_pleural_effusion": {
    "mean": [
      0.49351874,
      0.49351874,
      0.49351874
    ],
    "std": [
      0.29710627,
      0.29710627,
      0.29710627
    ]
  },
  "chexpert_consolidation": {
    "mean": [
      0.49520603,
      0.49520603,
      0.49520603
    ],
    "std": [
      0.29593375,
      0.29593375,
      0.29593375
    ]
  }
}